{"pages":["pages/index/index","pages/profile/profile","pages/detail/detail","pages/id_front/id_front","pages/id_back/id_back","pages/registration/registration"],"style":"v2","sitemapLocation":"sitemap.json","entryPagePath":"pages/index/index.html","page":{"pages/index/index.html":{"window":{"usingComponents":{}}},"pages/profile/profile.html":{"window":{"navigationBarTitleText":"National ID"}},"pages/detail/detail.html":{"window":{"navigationBarTitleText":"Card Information"}},"pages/id_front/id_front.html":{"window":{"navigationBarTitleText":"Digital ID"}},"pages/id_back/id_back.html":{"window":{"navigationBarTitleText":"Digital ID"}},"pages/registration/registration.html":{"window":{"navigationBarTitleText":"Preregistration","enablePullDownRefresh":false}}},"global":{"window":{"backgroundTextStyle":"dark","navigationBarBackgroundColor":"#fff","navigationBarTitleText":"","navigationBarTextStyle":"black","capsuleTheme":"light"}}}