{"pages":["pages/profile/profile","pages/id_back/id_back","pages/index/index","pages/profile/profile","pages/detail/detail","pages/id_front/id_front","pages/id_back/id_back","pages/profile/profile"],"style":"v2","sitemapLocation":"sitemap.json","entryPagePath":"pages/profile/profile.html","page":{"pages/profile/profile.html":{"window":{"navigationBarTitleText":"National ID"}},"pages/id_back/id_back.html":{"window":{"navigationBarTitleText":"Digital ID"}},"pages/index/index.html":{"window":{"usingComponents":{}}},"pages/detail/detail.html":{"window":{"navigationBarTitleText":"Card Information"}},"pages/id_front/id_front.html":{"window":{"navigationBarTitleText":"Digital ID"}}},"global":{"window":{"backgroundTextStyle":"dark","navigationBarBackgroundColor":"#fff","navigationBarTitleText":"","navigationBarTextStyle":"black","capsuleTheme":"light"}}}